[{"model": "admin.logentry", "pk": 1, "fields": {"action_time": "2024-06-24T13:23:17.537Z", "user": 1, "content_type": 6, "object_id": "2", "object_repr": "O1@example.com", "action_flag": 1, "change_message": "[{\"added\": {}}]"}}, {"model": "admin.logentry", "pk": 2, "fields": {"action_time": "2024-06-24T13:23:48.453Z", "user": 1, "content_type": 6, "object_id": "3", "object_repr": "U1@example.com", "action_flag": 1, "change_message": "[{\"added\": {}}]"}}, {"model": "admin.logentry", "pk": 3, "fields": {"action_time": "2024-06-24T13:24:08.564Z", "user": 1, "content_type": 6, "object_id": "3", "object_repr": "U@example.com", "action_flag": 2, "change_message": "[{\"changed\": {\"fields\": [\"Email address\", \"Username\", \"Name\"]}}]"}}, {"model": "admin.logentry", "pk": 4, "fields": {"action_time": "2024-06-24T13:24:20.144Z", "user": 1, "content_type": 6, "object_id": "3", "object_repr": "U1@example.com", "action_flag": 2, "change_message": "[{\"changed\": {\"fields\": [\"Email address\", \"Username\", \"Name\"]}}]"}}, {"model": "admin.logentry", "pk": 5, "fields": {"action_time": "2024-06-24T13:24:43.022Z", "user": 1, "content_type": 6, "object_id": "4", "object_repr": "U2@example.com", "action_flag": 1, "change_message": "[{\"added\": {}}]"}}, {"model": "admin.logentry", "pk": 6, "fields": {"action_time": "2024-06-24T13:25:16.989Z", "user": 1, "content_type": 6, "object_id": "5", "object_repr": "U3@example.com", "action_flag": 1, "change_message": "[{\"added\": {}}]"}}, {"model": "admin.logentry", "pk": 7, "fields": {"action_time": "2024-06-24T13:27:05.007Z", "user": 1, "content_type": 6, "object_id": "6", "object_repr": "U4@example.com", "action_flag": 1, "change_message": "[{\"added\": {}}]"}}, {"model": "admin.logentry", "pk": 8, "fields": {"action_time": "2024-06-24T13:27:39.257Z", "user": 1, "content_type": 7, "object_id": "1", "object_repr": "B1 2024", "action_flag": 1, "change_message": "[{\"added\": {}}, {\"added\": {\"name\": \"user batch\", \"object\": \"B = 1 U = 3\"}}, {\"added\": {\"name\": \"user batch\", \"object\": \"B = 1 U = 4\"}}]"}}, {"model": "admin.logentry", "pk": 9, "fields": {"action_time": "2024-06-24T13:28:08.037Z", "user": 1, "content_type": 7, "object_id": "2", "object_repr": "B2 2024", "action_flag": 1, "change_message": "[{\"added\": {}}, {\"added\": {\"name\": \"user batch\", \"object\": \"B = 2 U = 5\"}}, {\"added\": {\"name\": \"user batch\", \"object\": \"B = 2 U = 6\"}}]"}}, {"model": "admin.logentry", "pk": 10, "fields": {"action_time": "2024-06-24T13:28:44.688Z", "user": 1, "content_type": 9, "object_id": "1", "object_repr": "B1 2024 A1 1", "action_flag": 1, "change_message": "[{\"added\": {}}]"}}, {"model": "admin.logentry", "pk": 11, "fields": {"action_time": "2024-06-24T13:29:11.066Z", "user": 1, "content_type": 9, "object_id": "2", "object_repr": "B1 2024 A2 2", "action_flag": 1, "change_message": "[{\"added\": {}}]"}}, {"model": "admin.logentry", "pk": 12, "fields": {"action_time": "2024-06-24T13:29:51.107Z", "user": 1, "content_type": 9, "object_id": "3", "object_repr": "B2 2024 A1 1", "action_flag": 1, "change_message": "[{\"added\": {}}]"}}, {"model": "admin.logentry", "pk": 13, "fields": {"action_time": "2024-06-24T13:30:21.182Z", "user": 1, "content_type": 9, "object_id": "4", "object_repr": "B2 2024 A2 2", "action_flag": 1, "change_message": "[{\"added\": {}}]"}}, {"model": "admin.logentry", "pk": 14, "fields": {"action_time": "2024-06-24T13:33:46.387Z", "user": 1, "content_type": 11, "object_id": "1", "object_repr": "1. C11", "action_flag": 1, "change_message": "[{\"added\": {}}]"}}, {"model": "admin.logentry", "pk": 15, "fields": {"action_time": "2024-06-24T13:34:17.539Z", "user": 1, "content_type": 11, "object_id": "2", "object_repr": "2. C12", "action_flag": 1, "change_message": "[{\"added\": {}}]"}}, {"model": "admin.logentry", "pk": 16, "fields": {"action_time": "2024-06-24T13:39:39.292Z", "user": 1, "content_type": 13, "object_id": "1", "object_repr": "1. Q1", "action_flag": 1, "change_message": "[{\"added\": {}}]"}}, {"model": "admin.logentry", "pk": 17, "fields": {"action_time": "2024-06-24T13:39:55.695Z", "user": 1, "content_type": 13, "object_id": "2", "object_repr": "2. Q2", "action_flag": 1, "change_message": "[{\"added\": {}}]"}}, {"model": "admin.logentry", "pk": 18, "fields": {"action_time": "2024-06-24T13:40:15.059Z", "user": 1, "content_type": 13, "object_id": "3", "object_repr": "3. Q3", "action_flag": 1, "change_message": "[{\"added\": {}}]"}}, {"model": "admin.logentry", "pk": 19, "fields": {"action_time": "2024-06-24T13:40:58.769Z", "user": 1, "content_type": 13, "object_id": "4", "object_repr": "4. Q4", "action_flag": 1, "change_message": "[{\"added\": {}}, {\"added\": {\"name\": \"option\", \"object\": \"1. O1\"}}, {\"added\": {\"name\": \"option\", \"object\": \"2. O2\"}}, {\"added\": {\"name\": \"option\", \"object\": \"3. O3\"}}, {\"added\": {\"name\": \"option\", \"object\": \"4. O4\"}}]"}}, {"model": "admin.logentry", "pk": 20, "fields": {"action_time": "2024-06-24T13:41:32.637Z", "user": 1, "content_type": 13, "object_id": "5", "object_repr": "5. Q5", "action_flag": 1, "change_message": "[{\"added\": {}}]"}}, {"model": "admin.logentry", "pk": 21, "fields": {"action_time": "2024-06-24T13:42:44.195Z", "user": 1, "content_type": 13, "object_id": "6", "object_repr": "6. Q6", "action_flag": 1, "change_message": "[{\"added\": {}}, {\"added\": {\"name\": \"option\", \"object\": \"5. O5\"}}, {\"added\": {\"name\": \"option\", \"object\": \"6. O6\"}}, {\"added\": {\"name\": \"option\", \"object\": \"7. O7\"}}, {\"added\": {\"name\": \"option\", \"object\": \"8. O8\"}}, {\"added\": {\"name\": \"option\", \"object\": \"9. O9\"}}, {\"added\": {\"name\": \"option\", \"object\": \"10. O10\"}}]"}}, {"model": "admin.logentry", "pk": 22, "fields": {"action_time": "2024-06-24T13:43:22.113Z", "user": 1, "content_type": 13, "object_id": "7", "object_repr": "7. Q7", "action_flag": 1, "change_message": "[{\"added\": {}}]"}}, {"model": "admin.logentry", "pk": 23, "fields": {"action_time": "2024-06-24T13:43:47.602Z", "user": 1, "content_type": 13, "object_id": "8", "object_repr": "8. Q8", "action_flag": 1, "change_message": "[{\"added\": {}}]"}}, {"model": "auth.permission", "pk": 1, "fields": {"name": "Can add log entry", "content_type": 1, "codename": "add_logentry"}}, {"model": "auth.permission", "pk": 2, "fields": {"name": "Can change log entry", "content_type": 1, "codename": "change_logentry"}}, {"model": "auth.permission", "pk": 3, "fields": {"name": "Can delete log entry", "content_type": 1, "codename": "delete_logentry"}}, {"model": "auth.permission", "pk": 4, "fields": {"name": "Can view log entry", "content_type": 1, "codename": "view_logentry"}}, {"model": "auth.permission", "pk": 5, "fields": {"name": "Can add permission", "content_type": 2, "codename": "add_permission"}}, {"model": "auth.permission", "pk": 6, "fields": {"name": "Can change permission", "content_type": 2, "codename": "change_permission"}}, {"model": "auth.permission", "pk": 7, "fields": {"name": "Can delete permission", "content_type": 2, "codename": "delete_permission"}}, {"model": "auth.permission", "pk": 8, "fields": {"name": "Can view permission", "content_type": 2, "codename": "view_permission"}}, {"model": "auth.permission", "pk": 9, "fields": {"name": "Can add group", "content_type": 3, "codename": "add_group"}}, {"model": "auth.permission", "pk": 10, "fields": {"name": "Can change group", "content_type": 3, "codename": "change_group"}}, {"model": "auth.permission", "pk": 11, "fields": {"name": "Can delete group", "content_type": 3, "codename": "delete_group"}}, {"model": "auth.permission", "pk": 12, "fields": {"name": "Can view group", "content_type": 3, "codename": "view_group"}}, {"model": "auth.permission", "pk": 13, "fields": {"name": "Can add content type", "content_type": 4, "codename": "add_contenttype"}}, {"model": "auth.permission", "pk": 14, "fields": {"name": "Can change content type", "content_type": 4, "codename": "change_contenttype"}}, {"model": "auth.permission", "pk": 15, "fields": {"name": "Can delete content type", "content_type": 4, "codename": "delete_contenttype"}}, {"model": "auth.permission", "pk": 16, "fields": {"name": "Can view content type", "content_type": 4, "codename": "view_contenttype"}}, {"model": "auth.permission", "pk": 17, "fields": {"name": "Can add session", "content_type": 5, "codename": "add_session"}}, {"model": "auth.permission", "pk": 18, "fields": {"name": "Can change session", "content_type": 5, "codename": "change_session"}}, {"model": "auth.permission", "pk": 19, "fields": {"name": "Can delete session", "content_type": 5, "codename": "delete_session"}}, {"model": "auth.permission", "pk": 20, "fields": {"name": "Can view session", "content_type": 5, "codename": "view_session"}}, {"model": "auth.permission", "pk": 21, "fields": {"name": "Can add user", "content_type": 6, "codename": "add_user"}}, {"model": "auth.permission", "pk": 22, "fields": {"name": "Can change user", "content_type": 6, "codename": "change_user"}}, {"model": "auth.permission", "pk": 23, "fields": {"name": "Can delete user", "content_type": 6, "codename": "delete_user"}}, {"model": "auth.permission", "pk": 24, "fields": {"name": "Can view user", "content_type": 6, "codename": "view_user"}}, {"model": "auth.permission", "pk": 25, "fields": {"name": "Can add batch", "content_type": 7, "codename": "add_batch"}}, {"model": "auth.permission", "pk": 26, "fields": {"name": "Can change batch", "content_type": 7, "codename": "change_batch"}}, {"model": "auth.permission", "pk": 27, "fields": {"name": "Can delete batch", "content_type": 7, "codename": "delete_batch"}}, {"model": "auth.permission", "pk": 28, "fields": {"name": "Can view batch", "content_type": 7, "codename": "view_batch"}}, {"model": "auth.permission", "pk": 29, "fields": {"name": "Can add user batch", "content_type": 8, "codename": "add_userbatch"}}, {"model": "auth.permission", "pk": 30, "fields": {"name": "Can change user batch", "content_type": 8, "codename": "change_userbatch"}}, {"model": "auth.permission", "pk": 31, "fields": {"name": "Can delete user batch", "content_type": 8, "codename": "delete_userbatch"}}, {"model": "auth.permission", "pk": 32, "fields": {"name": "Can view user batch", "content_type": 8, "codename": "view_userbatch"}}, {"model": "auth.permission", "pk": 33, "fields": {"name": "Can add activity", "content_type": 9, "codename": "add_activity"}}, {"model": "auth.permission", "pk": 34, "fields": {"name": "Can change activity", "content_type": 9, "codename": "change_activity"}}, {"model": "auth.permission", "pk": 35, "fields": {"name": "Can delete activity", "content_type": 9, "codename": "delete_activity"}}, {"model": "auth.permission", "pk": 36, "fields": {"name": "Can view activity", "content_type": 9, "codename": "view_activity"}}, {"model": "auth.permission", "pk": 37, "fields": {"name": "Can add user activity", "content_type": 10, "codename": "add_useractivity"}}, {"model": "auth.permission", "pk": 38, "fields": {"name": "Can change user activity", "content_type": 10, "codename": "change_useractivity"}}, {"model": "auth.permission", "pk": 39, "fields": {"name": "Can delete user activity", "content_type": 10, "codename": "delete_useractivity"}}, {"model": "auth.permission", "pk": 40, "fields": {"name": "Can view user activity", "content_type": 10, "codename": "view_useractivity"}}, {"model": "auth.permission", "pk": 41, "fields": {"name": "Can add card", "content_type": 11, "codename": "add_card"}}, {"model": "auth.permission", "pk": 42, "fields": {"name": "Can change card", "content_type": 11, "codename": "change_card"}}, {"model": "auth.permission", "pk": 43, "fields": {"name": "Can delete card", "content_type": 11, "codename": "delete_card"}}, {"model": "auth.permission", "pk": 44, "fields": {"name": "Can view card", "content_type": 11, "codename": "view_card"}}, {"model": "auth.permission", "pk": 45, "fields": {"name": "Can add user card", "content_type": 12, "codename": "add_usercard"}}, {"model": "auth.permission", "pk": 46, "fields": {"name": "Can change user card", "content_type": 12, "codename": "change_usercard"}}, {"model": "auth.permission", "pk": 47, "fields": {"name": "Can delete user card", "content_type": 12, "codename": "delete_usercard"}}, {"model": "auth.permission", "pk": 48, "fields": {"name": "Can view user card", "content_type": 12, "codename": "view_usercard"}}, {"model": "auth.permission", "pk": 49, "fields": {"name": "Can add question", "content_type": 13, "codename": "add_question"}}, {"model": "auth.permission", "pk": 50, "fields": {"name": "Can change question", "content_type": 13, "codename": "change_question"}}, {"model": "auth.permission", "pk": 51, "fields": {"name": "Can delete question", "content_type": 13, "codename": "delete_question"}}, {"model": "auth.permission", "pk": 52, "fields": {"name": "Can view question", "content_type": 13, "codename": "view_question"}}, {"model": "auth.permission", "pk": 53, "fields": {"name": "Can add option", "content_type": 14, "codename": "add_option"}}, {"model": "auth.permission", "pk": 54, "fields": {"name": "Can change option", "content_type": 14, "codename": "change_option"}}, {"model": "auth.permission", "pk": 55, "fields": {"name": "Can delete option", "content_type": 14, "codename": "delete_option"}}, {"model": "auth.permission", "pk": 56, "fields": {"name": "Can view option", "content_type": 14, "codename": "view_option"}}, {"model": "auth.permission", "pk": 57, "fields": {"name": "Can add answer", "content_type": 15, "codename": "add_answer"}}, {"model": "auth.permission", "pk": 58, "fields": {"name": "Can change answer", "content_type": 15, "codename": "change_answer"}}, {"model": "auth.permission", "pk": 59, "fields": {"name": "Can delete answer", "content_type": 15, "codename": "delete_answer"}}, {"model": "auth.permission", "pk": 60, "fields": {"name": "Can view answer", "content_type": 15, "codename": "view_answer"}}, {"model": "auth.permission", "pk": 61, "fields": {"name": "Can add outstanding token", "content_type": 16, "codename": "add_outstandingtoken"}}, {"model": "auth.permission", "pk": 62, "fields": {"name": "Can change outstanding token", "content_type": 16, "codename": "change_outstandingtoken"}}, {"model": "auth.permission", "pk": 63, "fields": {"name": "Can delete outstanding token", "content_type": 16, "codename": "delete_outstandingtoken"}}, {"model": "auth.permission", "pk": 64, "fields": {"name": "Can view outstanding token", "content_type": 16, "codename": "view_outstandingtoken"}}, {"model": "auth.permission", "pk": 65, "fields": {"name": "Can add blacklisted token", "content_type": 17, "codename": "add_blacklistedtoken"}}, {"model": "auth.permission", "pk": 66, "fields": {"name": "Can change blacklisted token", "content_type": 17, "codename": "change_blacklistedtoken"}}, {"model": "auth.permission", "pk": 67, "fields": {"name": "Can delete blacklisted token", "content_type": 17, "codename": "delete_blacklistedtoken"}}, {"model": "auth.permission", "pk": 68, "fields": {"name": "Can view blacklisted token", "content_type": 17, "codename": "view_blacklistedtoken"}}, {"model": "contenttypes.contenttype", "pk": 1, "fields": {"app_label": "admin", "model": "logentry"}}, {"model": "contenttypes.contenttype", "pk": 2, "fields": {"app_label": "auth", "model": "permission"}}, {"model": "contenttypes.contenttype", "pk": 3, "fields": {"app_label": "auth", "model": "group"}}, {"model": "contenttypes.contenttype", "pk": 4, "fields": {"app_label": "contenttypes", "model": "contenttype"}}, {"model": "contenttypes.contenttype", "pk": 5, "fields": {"app_label": "sessions", "model": "session"}}, {"model": "contenttypes.contenttype", "pk": 6, "fields": {"app_label": "apis", "model": "user"}}, {"model": "contenttypes.contenttype", "pk": 7, "fields": {"app_label": "apis", "model": "batch"}}, {"model": "contenttypes.contenttype", "pk": 8, "fields": {"app_label": "apis", "model": "userbatch"}}, {"model": "contenttypes.contenttype", "pk": 9, "fields": {"app_label": "apis", "model": "activity"}}, {"model": "contenttypes.contenttype", "pk": 10, "fields": {"app_label": "apis", "model": "useractivity"}}, {"model": "contenttypes.contenttype", "pk": 11, "fields": {"app_label": "apis", "model": "card"}}, {"model": "contenttypes.contenttype", "pk": 12, "fields": {"app_label": "apis", "model": "usercard"}}, {"model": "contenttypes.contenttype", "pk": 13, "fields": {"app_label": "apis", "model": "question"}}, {"model": "contenttypes.contenttype", "pk": 14, "fields": {"app_label": "apis", "model": "option"}}, {"model": "contenttypes.contenttype", "pk": 15, "fields": {"app_label": "apis", "model": "answer"}}, {"model": "contenttypes.contenttype", "pk": 16, "fields": {"app_label": "token_blacklist", "model": "outstandingtoken"}}, {"model": "contenttypes.contenttype", "pk": 17, "fields": {"app_label": "token_blacklist", "model": "blacklistedtoken"}}, {"model": "sessions.session", "pk": "vu3qmxgv4qbzy87kurx53lbqn8hxv7bm", "fields": {"session_data": ".eJxVjEEOwiAQRe_C2hAGmFpcuu8ZGpiZStVAUtqV8e7apAvd_vfef6kxbmsetybLOLO6KFCn3y1FekjZAd9juVVNtazLnPSu6IM2PVSW5_Vw_w5ybPlbo2fnydnIBnuQDkl6JjAMyEHAeYSAGOxkHBF5ApsisiQzGX-mDtX7A9dIN7o:1sLje7:qaflyUL5XVvB1KOvtDWw0nPHZ0teXlRG8JVixpJk7qA", "expire_date": "2024-07-08T13:22:11.499Z"}}, {"model": "apis.user", "pk": 1, "fields": {"password": "pbkdf2_sha256$720000$j8qWVoyGhgqdKdEjKWLZD3$0331hdcsnagVQ2lOYAljuatdoLwC9Wmf0V/LS8Bn5Ag=", "last_login": "2024-06-24T13:22:11.495Z", "is_superuser": true, "email": "admin@proleap.com", "username": "admin", "name": "", "role": "USER", "gender": null, "phoneNumber": null, "is_active": true, "is_verified": false, "is_staff": true, "created_at": "2024-06-24T13:21:03.019Z", "updated_at": "2024-06-24T13:21:03.019Z", "groups": [], "user_permissions": []}}, {"model": "apis.user", "pk": 2, "fields": {"password": "string", "last_login": null, "is_superuser": false, "email": "O1@example.com", "username": "O1", "name": "O1", "role": "ORGANIZER", "gender": null, "phoneNumber": 1234567, "is_active": true, "is_verified": true, "is_staff": true, "created_at": "2024-06-24T13:23:17.526Z", "updated_at": "2024-06-24T13:23:17.526Z", "groups": [], "user_permissions": []}}, {"model": "apis.user", "pk": 3, "fields": {"password": "string", "last_login": null, "is_superuser": false, "email": "U1@example.com", "username": "U1", "name": "U1", "role": "USER", "gender": null, "phoneNumber": 234567, "is_active": true, "is_verified": true, "is_staff": false, "created_at": "2024-06-24T13:23:48.447Z", "updated_at": "2024-06-24T13:24:20.136Z", "groups": [], "user_permissions": []}}, {"model": "apis.user", "pk": 4, "fields": {"password": "string", "last_login": null, "is_superuser": false, "email": "U2@example.com", "username": "U2", "name": "U2", "role": "USER", "gender": null, "phoneNumber": 56787, "is_active": true, "is_verified": true, "is_staff": false, "created_at": "2024-06-24T13:24:43.011Z", "updated_at": "2024-06-24T13:24:43.011Z", "groups": [], "user_permissions": []}}, {"model": "apis.user", "pk": 5, "fields": {"password": "string", "last_login": null, "is_superuser": false, "email": "U3@example.com", "username": "U3", "name": "U3", "role": "USER", "gender": null, "phoneNumber": 45678, "is_active": true, "is_verified": true, "is_staff": false, "created_at": "2024-06-24T13:25:16.978Z", "updated_at": "2024-06-24T13:25:16.978Z", "groups": [], "user_permissions": []}}, {"model": "apis.user", "pk": 6, "fields": {"password": "string", "last_login": null, "is_superuser": false, "email": "U4@example.com", "username": "U4", "name": "U4", "role": "USER", "gender": null, "phoneNumber": 34567, "is_active": true, "is_verified": true, "is_staff": false, "created_at": "2024-06-24T13:27:05.004Z", "updated_at": "2024-06-24T13:27:05.004Z", "groups": [], "user_permissions": []}}, {"model": "apis.batch", "pk": 1, "fields": {"name": "B1", "year": 2024, "start_time": "2024-06-24T13:27:18Z", "end_time": "2024-06-26T13:27:20Z", "total_activities": 2, "organizer": 2, "created_at": "2024-06-24T13:27:39.255Z", "updated_at": "2024-06-24T13:27:39.255Z", "is_active": true}}, {"model": "apis.batch", "pk": 2, "fields": {"name": "B2", "year": 2024, "start_time": "2024-06-24T13:27:50Z", "end_time": "2024-06-26T13:27:53Z", "total_activities": 2, "organizer": 2, "created_at": "2024-06-24T13:28:08.035Z", "updated_at": "2024-06-24T13:28:08.035Z", "is_active": true}}, {"model": "apis.userbatch", "pk": 1, "fields": {"user": 3, "batch": 1, "completed_activities": 0, "is_completed": false, "status": "NOT_ATTEMPTED", "created_at": "2024-06-24T13:27:39.256Z", "updated_at": "2024-06-24T13:27:39.256Z"}}, {"model": "apis.userbatch", "pk": 2, "fields": {"user": 4, "batch": 1, "completed_activities": 0, "is_completed": false, "status": "NOT_ATTEMPTED", "created_at": "2024-06-24T13:27:39.257Z", "updated_at": "2024-06-24T13:27:39.257Z"}}, {"model": "apis.userbatch", "pk": 3, "fields": {"user": 5, "batch": 2, "completed_activities": 0, "is_completed": false, "status": "NOT_ATTEMPTED", "created_at": "2024-06-24T13:28:08.036Z", "updated_at": "2024-06-24T13:28:08.036Z"}}, {"model": "apis.userbatch", "pk": 4, "fields": {"user": 6, "batch": 2, "completed_activities": 0, "is_completed": false, "status": "NOT_ATTEMPTED", "created_at": "2024-06-24T13:28:08.036Z", "updated_at": "2024-06-24T13:28:08.036Z"}}, {"model": "apis.activity", "pk": 1, "fields": {"name": "A1", "desc": "Desc", "start_time": "2024-06-24T13:28:24Z", "end_time": "2024-06-25T13:28:26Z", "total_cards": 2, "total_polling_cards": 0, "created_at": "2024-06-24T13:28:44.687Z", "updated_at": "2024-06-24T13:28:44.687Z", "batch": 1, "sequence_no": 1}}, {"model": "apis.activity", "pk": 2, "fields": {"name": "A2", "desc": "Desc", "start_time": "2024-06-24T13:28:57Z", "end_time": "2024-06-25T13:28:59Z", "total_cards": 2, "total_polling_cards": 0, "created_at": "2024-06-24T13:29:11.065Z", "updated_at": "2024-06-24T13:29:11.065Z", "batch": 1, "sequence_no": 2}}, {"model": "apis.activity", "pk": 3, "fields": {"name": "A1", "desc": "Desc", "start_time": "2024-06-24T13:29:26Z", "end_time": "2024-06-25T13:29:27Z", "total_cards": 2, "total_polling_cards": 0, "created_at": "2024-06-24T13:29:51.107Z", "updated_at": "2024-06-24T13:29:51.107Z", "batch": 2, "sequence_no": 1}}, {"model": "apis.activity", "pk": 4, "fields": {"name": "A2", "desc": "Desc", "start_time": "2024-06-24T13:30:07Z", "end_time": "2024-06-25T13:30:11Z", "total_cards": 2, "total_polling_cards": 0, "created_at": "2024-06-24T13:30:21.181Z", "updated_at": "2024-06-24T13:30:21.181Z", "batch": 2, "sequence_no": 2}}, {"model": "apis.card", "pk": 1, "fields": {"name": "C11", "desc": "Desc", "type": "SURVEY_INPUT", "total_questions": 2, "to_be_shown": true, "start_time": "2024-06-24T13:33:21Z", "end_time": "2024-06-25T13:33:23Z", "duration": "00:01:00", "activity": 1, "sequence_no": 1, "created_at": "2024-06-24T13:33:46.386Z", "updated_at": "2024-06-24T13:33:46.386Z"}}, {"model": "apis.card", "pk": 2, "fields": {"name": "C12", "desc": "Desc", "type": "SURVEY_INPUT", "total_questions": 2, "to_be_shown": true, "start_time": "2024-06-24T13:34:08Z", "end_time": "2024-06-24T13:34:10Z", "duration": "00:01:00", "activity": 1, "sequence_no": 2, "created_at": "2024-06-24T13:34:17.538Z", "updated_at": "2024-06-24T13:34:17.538Z"}}, {"model": "apis.card", "pk": 3, "fields": {"name": "C21", "desc": "Desc", "type": "SURVEY_INPUT", "total_questions": 2, "to_be_shown": true, "start_time": "2024-06-24T13:35:19.074Z", "end_time": "2024-06-24T13:35:19.074Z", "duration": "00:05:00", "activity": 2, "sequence_no": 1, "created_at": "2024-06-24T13:36:14.198Z", "updated_at": "2024-06-24T13:36:14.198Z"}}, {"model": "apis.card", "pk": 4, "fields": {"name": "C22", "desc": "Desc", "type": "SURVEY_INPUT", "total_questions": 2, "to_be_shown": true, "start_time": "2024-06-24T13:35:19.074Z", "end_time": "2024-06-24T13:35:19.074Z", "duration": "00:05:00", "activity": 2, "sequence_no": 2, "created_at": "2024-06-24T13:36:33.140Z", "updated_at": "2024-06-24T13:36:33.140Z"}}, {"model": "apis.card", "pk": 5, "fields": {"name": "C31", "desc": "Desc", "type": "SURVEY_INPUT", "total_questions": 2, "to_be_shown": true, "start_time": "2024-06-24T13:35:19.074Z", "end_time": "2024-06-24T13:35:19.074Z", "duration": "00:05:00", "activity": 3, "sequence_no": 1, "created_at": "2024-06-24T13:36:57.051Z", "updated_at": "2024-06-24T13:36:57.051Z"}}, {"model": "apis.card", "pk": 6, "fields": {"name": "C32", "desc": "Desc", "type": "SURVEY_INPUT", "total_questions": 2, "to_be_shown": true, "start_time": "2024-06-24T13:35:19.074Z", "end_time": "2024-06-24T13:35:19.074Z", "duration": "00:05:00", "activity": 3, "sequence_no": 2, "created_at": "2024-06-24T13:37:07.109Z", "updated_at": "2024-06-24T13:37:07.109Z"}}, {"model": "apis.card", "pk": 7, "fields": {"name": "C41", "desc": "Desc", "type": "SURVEY_INPUT", "total_questions": 2, "to_be_shown": true, "start_time": "2024-06-24T13:35:19.074Z", "end_time": "2024-06-24T13:35:19.074Z", "duration": "00:05:00", "activity": 4, "sequence_no": 1, "created_at": "2024-06-24T13:37:46.966Z", "updated_at": "2024-06-24T13:37:46.966Z"}}, {"model": "apis.card", "pk": 8, "fields": {"name": "C42", "desc": "Desc", "type": "SURVEY_INPUT", "total_questions": 2, "to_be_shown": true, "start_time": "2024-06-24T13:35:19.074Z", "end_time": "2024-06-24T13:35:19.074Z", "duration": "00:05:00", "activity": 4, "sequence_no": 2, "created_at": "2024-06-24T13:37:56.518Z", "updated_at": "2024-06-24T13:37:56.518Z"}}, {"model": "apis.question", "pk": 1, "fields": {"text": "Q1", "type": "SHORT_ANSWER", "desc": "Desc", "is_required": false, "card": 1, "sequence_no": 1, "created_at": "2024-06-24T13:39:39.291Z", "updated_at": "2024-06-24T13:39:39.291Z"}}, {"model": "apis.question", "pk": 2, "fields": {"text": "Q2", "type": "PARAGRAPH", "desc": "Desc", "is_required": true, "card": 1, "sequence_no": 2, "created_at": "2024-06-24T13:39:55.694Z", "updated_at": "2024-06-24T13:39:55.694Z"}}, {"model": "apis.question", "pk": 3, "fields": {"text": "Q3", "type": "NUMBER", "desc": "Desc", "is_required": true, "card": 2, "sequence_no": 1, "created_at": "2024-06-24T13:40:15.058Z", "updated_at": "2024-06-24T13:40:15.058Z"}}, {"model": "apis.question", "pk": 4, "fields": {"text": "Q4", "type": "RADIO", "desc": "Desc", "is_required": true, "card": 2, "sequence_no": 2, "created_at": "2024-06-24T13:40:58.766Z", "updated_at": "2024-06-24T13:40:58.766Z"}}, {"model": "apis.question", "pk": 5, "fields": {"text": "Q5", "type": "DATE", "desc": "Desc", "is_required": false, "card": 3, "sequence_no": 1, "created_at": "2024-06-24T13:41:32.636Z", "updated_at": "2024-06-24T13:41:32.636Z"}}, {"model": "apis.question", "pk": 6, "fields": {"text": "Q6", "type": "CHECKBOXES", "desc": "Desc", "is_required": true, "card": 3, "sequence_no": 2, "created_at": "2024-06-24T13:42:44.192Z", "updated_at": "2024-06-24T13:42:44.192Z"}}, {"model": "apis.question", "pk": 7, "fields": {"text": "Q7", "type": "EMAIL", "desc": "Desc", "is_required": false, "card": 4, "sequence_no": 1, "created_at": "2024-06-24T13:43:22.113Z", "updated_at": "2024-06-24T13:43:22.113Z"}}, {"model": "apis.question", "pk": 8, "fields": {"text": "Q8", "type": "TIME", "desc": "Desc", "is_required": false, "card": 4, "sequence_no": 2, "created_at": "2024-06-24T13:43:47.601Z", "updated_at": "2024-06-24T13:43:47.601Z"}}, {"model": "apis.option", "pk": 1, "fields": {"value": "O1", "sequence_no": 1, "question": 4, "created_at": "2024-06-24T13:40:58.767Z", "updated_at": "2024-06-24T13:40:58.767Z"}}, {"model": "apis.option", "pk": 2, "fields": {"value": "O2", "sequence_no": 2, "question": 4, "created_at": "2024-06-24T13:40:58.768Z", "updated_at": "2024-06-24T13:40:58.768Z"}}, {"model": "apis.option", "pk": 3, "fields": {"value": "O3", "sequence_no": 3, "question": 4, "created_at": "2024-06-24T13:40:58.768Z", "updated_at": "2024-06-24T13:40:58.768Z"}}, {"model": "apis.option", "pk": 4, "fields": {"value": "O4", "sequence_no": 4, "question": 4, "created_at": "2024-06-24T13:40:58.769Z", "updated_at": "2024-06-24T13:40:58.769Z"}}, {"model": "apis.option", "pk": 5, "fields": {"value": "O5", "sequence_no": 1, "question": 6, "created_at": "2024-06-24T13:42:44.192Z", "updated_at": "2024-06-24T13:42:44.192Z"}}, {"model": "apis.option", "pk": 6, "fields": {"value": "O6", "sequence_no": 2, "question": 6, "created_at": "2024-06-24T13:42:44.193Z", "updated_at": "2024-06-24T13:42:44.193Z"}}, {"model": "apis.option", "pk": 7, "fields": {"value": "O7", "sequence_no": 3, "question": 6, "created_at": "2024-06-24T13:42:44.193Z", "updated_at": "2024-06-24T13:42:44.193Z"}}, {"model": "apis.option", "pk": 8, "fields": {"value": "O8", "sequence_no": 4, "question": 6, "created_at": "2024-06-24T13:42:44.194Z", "updated_at": "2024-06-24T13:42:44.194Z"}}, {"model": "apis.option", "pk": 9, "fields": {"value": "O9", "sequence_no": 5, "question": 6, "created_at": "2024-06-24T13:42:44.194Z", "updated_at": "2024-06-24T13:42:44.194Z"}}, {"model": "apis.option", "pk": 10, "fields": {"value": "O10", "sequence_no": 6, "question": 6, "created_at": "2024-06-24T13:42:44.195Z", "updated_at": "2024-06-24T13:42:44.195Z"}}]