[{"model": "admin.logentry", "pk": 1, "fields": {"action_time": "2024-06-23T19:15:42.137Z", "user": 1, "content_type": 6, "object_id": "5", "object_repr": "22pw01@psgtech.ac.in", "action_flag": 1, "change_message": "[{\"added\": {}}]"}}, {"model": "admin.logentry", "pk": 2, "fields": {"action_time": "2024-06-23T19:16:26.669Z", "user": 1, "content_type": 6, "object_id": "6", "object_repr": "22pw29@psgtech.ac.in", "action_flag": 1, "change_message": "[{\"added\": {}}]"}}, {"model": "admin.logentry", "pk": 3, "fields": {"action_time": "2024-06-23T19:17:25.597Z", "user": 1, "content_type": 6, "object_id": "7", "object_repr": "22pt09@psgtech.ac.in", "action_flag": 1, "change_message": "[{\"added\": {}}]"}}, {"model": "admin.logentry", "pk": 4, "fields": {"action_time": "2024-06-23T19:19:10.477Z", "user": 1, "content_type": 6, "object_id": "8", "object_repr": "22pc19@psgtech.ac.in", "action_flag": 1, "change_message": "[{\"added\": {}}]"}}, {"model": "admin.logentry", "pk": 5, "fields": {"action_time": "2024-06-23T19:20:17.974Z", "user": 1, "content_type": 7, "object_id": "3", "object_repr": "22PW 2022", "action_flag": 1, "change_message": "[{\"added\": {}}, {\"added\": {\"name\": \"user batch\", \"object\": \"B = 3 U = 5\"}}, {\"added\": {\"name\": \"user batch\", \"object\": \"B = 3 U = 6\"}}]"}}, {"model": "admin.logentry", "pk": 6, "fields": {"action_time": "2024-06-23T19:21:04.221Z", "user": 1, "content_type": 7, "object_id": "4", "object_repr": "22PTC 2022", "action_flag": 1, "change_message": "[{\"added\": {}}, {\"added\": {\"name\": \"user batch\", \"object\": \"B = 4 U = 7\"}}, {\"added\": {\"name\": \"user batch\", \"object\": \"B = 4 U = 8\"}}]"}}, {"model": "admin.logentry", "pk": 7, "fields": {"action_time": "2024-06-23T19:26:28.214Z", "user": 1, "content_type": 9, "object_id": "4", "object_repr": "22PW 2022 Introduction 1", "action_flag": 1, "change_message": "[{\"added\": {}}]"}}, {"model": "admin.logentry", "pk": 8, "fields": {"action_time": "2024-06-23T19:27:52.300Z", "user": 1, "content_type": 9, "object_id": "5", "object_repr": "22PTC 2022 Family Details 1", "action_flag": 1, "change_message": "[{\"added\": {}}]"}}, {"model": "admin.logentry", "pk": 9, "fields": {"action_time": "2024-06-23T19:38:37.640Z", "user": 1, "content_type": 11, "object_id": "4", "object_repr": "4. Basic info", "action_flag": 1, "change_message": "[{\"added\": {}}]"}}, {"model": "admin.logentry", "pk": 10, "fields": {"action_time": "2024-06-23T19:39:29.629Z", "user": 1, "content_type": 11, "object_id": "5", "object_repr": "5. About Course", "action_flag": 1, "change_message": "[{\"added\": {}}]"}}, {"model": "admin.logentry", "pk": 11, "fields": {"action_time": "2024-06-23T19:40:04.876Z", "user": 1, "content_type": 11, "object_id": "6", "object_repr": "6. Family", "action_flag": 1, "change_message": "[{\"added\": {}}]"}}, {"model": "admin.logentry", "pk": 12, "fields": {"action_time": "2024-06-23T19:40:46.129Z", "user": 1, "content_type": 13, "object_id": "5", "object_repr": "5. Name", "action_flag": 1, "change_message": "[{\"added\": {}}]"}}, {"model": "admin.logentry", "pk": 13, "fields": {"action_time": "2024-06-23T19:42:08.902Z", "user": 1, "content_type": 13, "object_id": "6", "object_repr": "6. Course", "action_flag": 1, "change_message": "[{\"added\": {}}, {\"added\": {\"name\": \"option\", \"object\": \"6. Cyber Security\"}}, {\"added\": {\"name\": \"option\", \"object\": \"7. Theoretical Computer Science\"}}, {\"added\": {\"name\": \"option\", \"object\": \"8. Data Science\"}}, {\"added\": {\"name\": \"option\", \"object\": \"9. Software Systems\"}}]"}}, {"model": "admin.logentry", "pk": 14, "fields": {"action_time": "2024-06-23T19:42:57.495Z", "user": 1, "content_type": 13, "object_id": "7", "object_repr": "7. Email Id (gmail or personal email id)", "action_flag": 1, "change_message": "[{\"added\": {}}]"}}, {"model": "admin.logentry", "pk": 15, "fields": {"action_time": "2024-06-23T19:43:22.991Z", "user": 1, "content_type": 13, "object_id": "8", "object_repr": "8. Date of Birth", "action_flag": 1, "change_message": "[{\"added\": {}}]"}}, {"model": "admin.logentry", "pk": 16, "fields": {"action_time": "2024-06-23T19:44:41.327Z", "user": 1, "content_type": 13, "object_id": "9", "object_repr": "9. Residency Status", "action_flag": 1, "change_message": "[{\"added\": {}}, {\"added\": {\"name\": \"option\", \"object\": \"10. Day Scholar\"}}, {\"added\": {\"name\": \"option\", \"object\": \"11. Hostel\"}}, {\"added\": {\"name\": \"option\", \"object\": \"12. Renting outside\"}}]"}}, {"model": "admin.logentry", "pk": 17, "fields": {"action_time": "2024-06-23T19:45:59.979Z", "user": 1, "content_type": 13, "object_id": "10", "object_repr": "10. How did you find out about 5 year M.Sc. program?", "action_flag": 1, "change_message": "[{\"added\": {}}, {\"added\": {\"name\": \"option\", \"object\": \"13. School Senior studying / completed\"}}, {\"added\": {\"name\": \"option\", \"object\": \"14. Parents suggested\"}}, {\"added\": {\"name\": \"option\", \"object\": \"15. Sibling studying / completed\"}}, {\"added\": {\"name\": \"option\", \"object\": \"16. Relative / Family Friend studying / completed\"}}, {\"added\": {\"name\": \"option\", \"object\": \"17. Advertisement\"}}]"}}, {"model": "admin.logentry", "pk": 18, "fields": {"action_time": "2024-06-23T19:47:34.279Z", "user": 1, "content_type": 13, "object_id": "11", "object_repr": "11. IIT JEE", "action_flag": 1, "change_message": "[{\"added\": {}}, {\"added\": {\"name\": \"option\", \"object\": \"18. Did not get my preferred course\"}}, {\"added\": {\"name\": \"option\", \"object\": \"19. Did not try\"}}, {\"added\": {\"name\": \"option\", \"object\": \"20. Did not qualify\"}}, {\"added\": {\"name\": \"option\", \"object\": \"21. Qualified mains, didn't qualify advanced\"}}]"}}, {"model": "admin.logentry", "pk": 19, "fields": {"action_time": "2024-06-23T19:48:37.364Z", "user": 1, "content_type": 13, "object_id": "12", "object_repr": "12. 4 year engineering degree", "action_flag": 1, "change_message": "[{\"added\": {}}, {\"added\": {\"name\": \"option\", \"object\": \"22. Did not get my preferred course\"}}, {\"added\": {\"name\": \"option\", \"object\": \"23. Did not try\"}}, {\"added\": {\"name\": \"option\", \"object\": \"24. Did not qualify\"}}, {\"added\": {\"name\": \"option\", \"object\": \"25. Got M.Sc first\"}}]"}}, {"model": "admin.logentry", "pk": 20, "fields": {"action_time": "2024-06-23T19:49:04.394Z", "user": 1, "content_type": 13, "object_id": "13", "object_repr": "13. If you did not get this admission what was your next choice?", "action_flag": 1, "change_message": "[{\"added\": {}}]"}}, {"model": "admin.logentry", "pk": 21, "fields": {"action_time": "2024-06-23T19:50:03.847Z", "user": 1, "content_type": 13, "object_id": "14", "object_repr": "14. Education Funding", "action_flag": 1, "change_message": "[{\"added\": {}}, {\"added\": {\"name\": \"option\", \"object\": \"26. Bank Loan\"}}, {\"added\": {\"name\": \"option\", \"object\": \"27. Family is paying\"}}, {\"added\": {\"name\": \"option\", \"object\": \"28. Getting Financial Assitance\"}}, {\"added\": {\"name\": \"option\", \"object\": \"29. Scholarship\"}}]"}}, {"model": "admin.logentry", "pk": 22, "fields": {"action_time": "2024-06-23T19:50:31.914Z", "user": 1, "content_type": 13, "object_id": "15", "object_repr": "15. School You Studied (Name)", "action_flag": 1, "change_message": "[{\"added\": {}}]"}}, {"model": "admin.logentry", "pk": 23, "fields": {"action_time": "2024-06-23T19:51:06.797Z", "user": 1, "content_type": 13, "object_id": "16", "object_repr": "16. School You Studied ( City)", "action_flag": 1, "change_message": "[{\"added\": {}}]"}}, {"model": "admin.logentry", "pk": 24, "fields": {"action_time": "2024-06-23T19:52:14.761Z", "user": 1, "content_type": 13, "object_id": "17", "object_repr": "17. School You Studied (Board)", "action_flag": 1, "change_message": "[{\"added\": {}}, {\"added\": {\"name\": \"option\", \"object\": \"30. TN\"}}, {\"added\": {\"name\": \"option\", \"object\": \"31. CBSE\"}}, {\"added\": {\"name\": \"option\", \"object\": \"32. ICSE\"}}]"}}, {"model": "admin.logentry", "pk": 25, "fields": {"action_time": "2024-06-23T19:55:39.438Z", "user": 1, "content_type": 13, "object_id": "18", "object_repr": "18. Are you thinking of higher education?", "action_flag": 1, "change_message": "[{\"added\": {}}, {\"added\": {\"name\": \"option\", \"object\": \"33. Definite No\"}}, {\"added\": {\"name\": \"option\", \"object\": \"34. No - cannot afford\"}}, {\"added\": {\"name\": \"option\", \"object\": \"35. I am not sure\"}}, {\"added\": {\"name\": \"option\", \"object\": \"36. Parents are interested\"}}, {\"added\": {\"name\": \"option\", \"object\": \"37. Possibility\"}}]"}}, {"model": "admin.logentry", "pk": 26, "fields": {"action_time": "2024-06-23T19:56:46.189Z", "user": 1, "content_type": 13, "object_id": "19", "object_repr": "19. Father's Highest Education", "action_flag": 1, "change_message": "[{\"added\": {}}, {\"added\": {\"name\": \"option\", \"object\": \"38. Post Graduate\"}}, {\"added\": {\"name\": \"option\", \"object\": \"39. Doctorate\"}}, {\"added\": {\"name\": \"option\", \"object\": \"40. Graduate\"}}, {\"added\": {\"name\": \"option\", \"object\": \"41. School level\"}}]"}}, {"model": "admin.logentry", "pk": 27, "fields": {"action_time": "2024-06-23T19:57:11.942Z", "user": 1, "content_type": 13, "object_id": "20", "object_repr": "20. Father's Profession", "action_flag": 1, "change_message": "[{\"added\": {}}]"}}, {"model": "admin.logentry", "pk": 28, "fields": {"action_time": "2024-06-23T19:58:14.760Z", "user": 1, "content_type": 13, "object_id": "21", "object_repr": "21. Mother's Highest Education", "action_flag": 1, "change_message": "[{\"added\": {}}, {\"added\": {\"name\": \"option\", \"object\": \"42. Post Graduate\"}}, {\"added\": {\"name\": \"option\", \"object\": \"43. Doctorate\"}}, {\"added\": {\"name\": \"option\", \"object\": \"44. Graduate\"}}, {\"added\": {\"name\": \"option\", \"object\": \"45. School level\"}}, {\"added\": {\"name\": \"option\", \"object\": \"46. Diploma\"}}]"}}, {"model": "admin.logentry", "pk": 29, "fields": {"action_time": "2024-06-23T19:58:41.995Z", "user": 1, "content_type": 13, "object_id": "22", "object_repr": "22. Mother's Profession", "action_flag": 1, "change_message": "[{\"added\": {}}]"}}, {"model": "admin.logentry", "pk": 30, "fields": {"action_time": "2024-06-23T19:59:09.690Z", "user": 1, "content_type": 13, "object_id": "23", "object_repr": "23. Siblings", "action_flag": 1, "change_message": "[{\"added\": {}}, {\"added\": {\"name\": \"option\", \"object\": \"47. Yes\"}}, {\"added\": {\"name\": \"option\", \"object\": \"48. No\"}}]"}}, {"model": "admin.logentry", "pk": 31, "fields": {"action_time": "2024-06-23T19:59:25.198Z", "user": 1, "content_type": 13, "object_id": "19", "object_repr": "19. Father's Highest Education", "action_flag": 2, "change_message": "[{\"added\": {\"name\": \"option\", \"object\": \"49. Diploma\"}}]"}}, {"model": "admin.logentry", "pk": 32, "fields": {"action_time": "2024-06-24T12:22:00.704Z", "user": 1, "content_type": 9, "object_id": "3", "object_repr": "B2 2033 A1 1", "action_flag": 3, "change_message": ""}}, {"model": "admin.logentry", "pk": 33, "fields": {"action_time": "2024-06-24T12:22:00.708Z", "user": 1, "content_type": 9, "object_id": "2", "object_repr": "B1 2033 A2 2", "action_flag": 3, "change_message": ""}}, {"model": "admin.logentry", "pk": 34, "fields": {"action_time": "2024-06-24T12:22:00.709Z", "user": 1, "content_type": 9, "object_id": "1", "object_repr": "B1 2033 A1 1", "action_flag": 3, "change_message": ""}}, {"model": "admin.logentry", "pk": 35, "fields": {"action_time": "2024-06-24T12:22:11.171Z", "user": 1, "content_type": 7, "object_id": "2", "object_repr": "B2 2033", "action_flag": 3, "change_message": ""}}, {"model": "admin.logentry", "pk": 36, "fields": {"action_time": "2024-06-24T12:22:11.173Z", "user": 1, "content_type": 7, "object_id": "1", "object_repr": "B1 2033", "action_flag": 3, "change_message": ""}}, {"model": "admin.logentry", "pk": 37, "fields": {"action_time": "2024-06-24T12:22:22.201Z", "user": 1, "content_type": 11, "object_id": "3", "object_repr": "3. C1", "action_flag": 3, "change_message": ""}}, {"model": "admin.logentry", "pk": 38, "fields": {"action_time": "2024-06-24T12:22:22.203Z", "user": 1, "content_type": 11, "object_id": "2", "object_repr": "2. C2", "action_flag": 3, "change_message": ""}}, {"model": "admin.logentry", "pk": 39, "fields": {"action_time": "2024-06-24T12:22:22.204Z", "user": 1, "content_type": 11, "object_id": "1", "object_repr": "1. C1", "action_flag": 3, "change_message": ""}}, {"model": "admin.logentry", "pk": 40, "fields": {"action_time": "2024-06-24T12:22:35.019Z", "user": 1, "content_type": 14, "object_id": "5", "object_repr": "5. O2", "action_flag": 3, "change_message": ""}}, {"model": "admin.logentry", "pk": 41, "fields": {"action_time": "2024-06-24T12:22:35.023Z", "user": 1, "content_type": 14, "object_id": "4", "object_repr": "4. O1", "action_flag": 3, "change_message": ""}}, {"model": "admin.logentry", "pk": 42, "fields": {"action_time": "2024-06-24T12:22:35.023Z", "user": 1, "content_type": 14, "object_id": "3", "object_repr": "3. O3", "action_flag": 3, "change_message": ""}}, {"model": "admin.logentry", "pk": 43, "fields": {"action_time": "2024-06-24T12:22:35.024Z", "user": 1, "content_type": 14, "object_id": "2", "object_repr": "2. O2", "action_flag": 3, "change_message": ""}}, {"model": "admin.logentry", "pk": 44, "fields": {"action_time": "2024-06-24T12:22:35.025Z", "user": 1, "content_type": 14, "object_id": "1", "object_repr": "1. O1", "action_flag": 3, "change_message": ""}}, {"model": "admin.logentry", "pk": 45, "fields": {"action_time": "2024-06-24T12:22:50.906Z", "user": 1, "content_type": 13, "object_id": "4", "object_repr": "4. Q1", "action_flag": 3, "change_message": ""}}, {"model": "admin.logentry", "pk": 46, "fields": {"action_time": "2024-06-24T12:22:50.909Z", "user": 1, "content_type": 13, "object_id": "3", "object_repr": "3. Q2", "action_flag": 3, "change_message": ""}}, {"model": "admin.logentry", "pk": 47, "fields": {"action_time": "2024-06-24T12:22:50.910Z", "user": 1, "content_type": 13, "object_id": "2", "object_repr": "2. Q1", "action_flag": 3, "change_message": ""}}, {"model": "admin.logentry", "pk": 48, "fields": {"action_time": "2024-06-24T12:22:50.911Z", "user": 1, "content_type": 13, "object_id": "1", "object_repr": "1. Q1", "action_flag": 3, "change_message": ""}}, {"model": "admin.logentry", "pk": 49, "fields": {"action_time": "2024-06-24T12:23:11.476Z", "user": 1, "content_type": 6, "object_id": "4", "object_repr": "U2@example.com", "action_flag": 3, "change_message": ""}}, {"model": "admin.logentry", "pk": 50, "fields": {"action_time": "2024-06-24T12:23:11.479Z", "user": 1, "content_type": 6, "object_id": "3", "object_repr": "U1@example.com", "action_flag": 3, "change_message": ""}}, {"model": "auth.permission", "pk": 1, "fields": {"name": "Can add log entry", "content_type": 1, "codename": "add_logentry"}}, {"model": "auth.permission", "pk": 2, "fields": {"name": "Can change log entry", "content_type": 1, "codename": "change_logentry"}}, {"model": "auth.permission", "pk": 3, "fields": {"name": "Can delete log entry", "content_type": 1, "codename": "delete_logentry"}}, {"model": "auth.permission", "pk": 4, "fields": {"name": "Can view log entry", "content_type": 1, "codename": "view_logentry"}}, {"model": "auth.permission", "pk": 5, "fields": {"name": "Can add permission", "content_type": 2, "codename": "add_permission"}}, {"model": "auth.permission", "pk": 6, "fields": {"name": "Can change permission", "content_type": 2, "codename": "change_permission"}}, {"model": "auth.permission", "pk": 7, "fields": {"name": "Can delete permission", "content_type": 2, "codename": "delete_permission"}}, {"model": "auth.permission", "pk": 8, "fields": {"name": "Can view permission", "content_type": 2, "codename": "view_permission"}}, {"model": "auth.permission", "pk": 9, "fields": {"name": "Can add group", "content_type": 3, "codename": "add_group"}}, {"model": "auth.permission", "pk": 10, "fields": {"name": "Can change group", "content_type": 3, "codename": "change_group"}}, {"model": "auth.permission", "pk": 11, "fields": {"name": "Can delete group", "content_type": 3, "codename": "delete_group"}}, {"model": "auth.permission", "pk": 12, "fields": {"name": "Can view group", "content_type": 3, "codename": "view_group"}}, {"model": "auth.permission", "pk": 13, "fields": {"name": "Can add content type", "content_type": 4, "codename": "add_contenttype"}}, {"model": "auth.permission", "pk": 14, "fields": {"name": "Can change content type", "content_type": 4, "codename": "change_contenttype"}}, {"model": "auth.permission", "pk": 15, "fields": {"name": "Can delete content type", "content_type": 4, "codename": "delete_contenttype"}}, {"model": "auth.permission", "pk": 16, "fields": {"name": "Can view content type", "content_type": 4, "codename": "view_contenttype"}}, {"model": "auth.permission", "pk": 17, "fields": {"name": "Can add session", "content_type": 5, "codename": "add_session"}}, {"model": "auth.permission", "pk": 18, "fields": {"name": "Can change session", "content_type": 5, "codename": "change_session"}}, {"model": "auth.permission", "pk": 19, "fields": {"name": "Can delete session", "content_type": 5, "codename": "delete_session"}}, {"model": "auth.permission", "pk": 20, "fields": {"name": "Can view session", "content_type": 5, "codename": "view_session"}}, {"model": "auth.permission", "pk": 21, "fields": {"name": "Can add user", "content_type": 6, "codename": "add_user"}}, {"model": "auth.permission", "pk": 22, "fields": {"name": "Can change user", "content_type": 6, "codename": "change_user"}}, {"model": "auth.permission", "pk": 23, "fields": {"name": "Can delete user", "content_type": 6, "codename": "delete_user"}}, {"model": "auth.permission", "pk": 24, "fields": {"name": "Can view user", "content_type": 6, "codename": "view_user"}}, {"model": "auth.permission", "pk": 25, "fields": {"name": "Can add batch", "content_type": 7, "codename": "add_batch"}}, {"model": "auth.permission", "pk": 26, "fields": {"name": "Can change batch", "content_type": 7, "codename": "change_batch"}}, {"model": "auth.permission", "pk": 27, "fields": {"name": "Can delete batch", "content_type": 7, "codename": "delete_batch"}}, {"model": "auth.permission", "pk": 28, "fields": {"name": "Can view batch", "content_type": 7, "codename": "view_batch"}}, {"model": "auth.permission", "pk": 29, "fields": {"name": "Can add user batch", "content_type": 8, "codename": "add_userbatch"}}, {"model": "auth.permission", "pk": 30, "fields": {"name": "Can change user batch", "content_type": 8, "codename": "change_userbatch"}}, {"model": "auth.permission", "pk": 31, "fields": {"name": "Can delete user batch", "content_type": 8, "codename": "delete_userbatch"}}, {"model": "auth.permission", "pk": 32, "fields": {"name": "Can view user batch", "content_type": 8, "codename": "view_userbatch"}}, {"model": "auth.permission", "pk": 33, "fields": {"name": "Can add activity", "content_type": 9, "codename": "add_activity"}}, {"model": "auth.permission", "pk": 34, "fields": {"name": "Can change activity", "content_type": 9, "codename": "change_activity"}}, {"model": "auth.permission", "pk": 35, "fields": {"name": "Can delete activity", "content_type": 9, "codename": "delete_activity"}}, {"model": "auth.permission", "pk": 36, "fields": {"name": "Can view activity", "content_type": 9, "codename": "view_activity"}}, {"model": "auth.permission", "pk": 37, "fields": {"name": "Can add user activity", "content_type": 10, "codename": "add_useractivity"}}, {"model": "auth.permission", "pk": 38, "fields": {"name": "Can change user activity", "content_type": 10, "codename": "change_useractivity"}}, {"model": "auth.permission", "pk": 39, "fields": {"name": "Can delete user activity", "content_type": 10, "codename": "delete_useractivity"}}, {"model": "auth.permission", "pk": 40, "fields": {"name": "Can view user activity", "content_type": 10, "codename": "view_useractivity"}}, {"model": "auth.permission", "pk": 41, "fields": {"name": "Can add card", "content_type": 11, "codename": "add_card"}}, {"model": "auth.permission", "pk": 42, "fields": {"name": "Can change card", "content_type": 11, "codename": "change_card"}}, {"model": "auth.permission", "pk": 43, "fields": {"name": "Can delete card", "content_type": 11, "codename": "delete_card"}}, {"model": "auth.permission", "pk": 44, "fields": {"name": "Can view card", "content_type": 11, "codename": "view_card"}}, {"model": "auth.permission", "pk": 45, "fields": {"name": "Can add user card", "content_type": 12, "codename": "add_usercard"}}, {"model": "auth.permission", "pk": 46, "fields": {"name": "Can change user card", "content_type": 12, "codename": "change_usercard"}}, {"model": "auth.permission", "pk": 47, "fields": {"name": "Can delete user card", "content_type": 12, "codename": "delete_usercard"}}, {"model": "auth.permission", "pk": 48, "fields": {"name": "Can view user card", "content_type": 12, "codename": "view_usercard"}}, {"model": "auth.permission", "pk": 49, "fields": {"name": "Can add question", "content_type": 13, "codename": "add_question"}}, {"model": "auth.permission", "pk": 50, "fields": {"name": "Can change question", "content_type": 13, "codename": "change_question"}}, {"model": "auth.permission", "pk": 51, "fields": {"name": "Can delete question", "content_type": 13, "codename": "delete_question"}}, {"model": "auth.permission", "pk": 52, "fields": {"name": "Can view question", "content_type": 13, "codename": "view_question"}}, {"model": "auth.permission", "pk": 53, "fields": {"name": "Can add option", "content_type": 14, "codename": "add_option"}}, {"model": "auth.permission", "pk": 54, "fields": {"name": "Can change option", "content_type": 14, "codename": "change_option"}}, {"model": "auth.permission", "pk": 55, "fields": {"name": "Can delete option", "content_type": 14, "codename": "delete_option"}}, {"model": "auth.permission", "pk": 56, "fields": {"name": "Can view option", "content_type": 14, "codename": "view_option"}}, {"model": "auth.permission", "pk": 57, "fields": {"name": "Can add answer", "content_type": 15, "codename": "add_answer"}}, {"model": "auth.permission", "pk": 58, "fields": {"name": "Can change answer", "content_type": 15, "codename": "change_answer"}}, {"model": "auth.permission", "pk": 59, "fields": {"name": "Can delete answer", "content_type": 15, "codename": "delete_answer"}}, {"model": "auth.permission", "pk": 60, "fields": {"name": "Can view answer", "content_type": 15, "codename": "view_answer"}}, {"model": "auth.permission", "pk": 61, "fields": {"name": "Can add outstanding token", "content_type": 16, "codename": "add_outstandingtoken"}}, {"model": "auth.permission", "pk": 62, "fields": {"name": "Can change outstanding token", "content_type": 16, "codename": "change_outstandingtoken"}}, {"model": "auth.permission", "pk": 63, "fields": {"name": "Can delete outstanding token", "content_type": 16, "codename": "delete_outstandingtoken"}}, {"model": "auth.permission", "pk": 64, "fields": {"name": "Can view outstanding token", "content_type": 16, "codename": "view_outstandingtoken"}}, {"model": "auth.permission", "pk": 65, "fields": {"name": "Can add blacklisted token", "content_type": 17, "codename": "add_blacklistedtoken"}}, {"model": "auth.permission", "pk": 66, "fields": {"name": "Can change blacklisted token", "content_type": 17, "codename": "change_blacklistedtoken"}}, {"model": "auth.permission", "pk": 67, "fields": {"name": "Can delete blacklisted token", "content_type": 17, "codename": "delete_blacklistedtoken"}}, {"model": "auth.permission", "pk": 68, "fields": {"name": "Can view blacklisted token", "content_type": 17, "codename": "view_blacklistedtoken"}}, {"model": "contenttypes.contenttype", "pk": 1, "fields": {"app_label": "admin", "model": "logentry"}}, {"model": "contenttypes.contenttype", "pk": 2, "fields": {"app_label": "auth", "model": "permission"}}, {"model": "contenttypes.contenttype", "pk": 3, "fields": {"app_label": "auth", "model": "group"}}, {"model": "contenttypes.contenttype", "pk": 4, "fields": {"app_label": "contenttypes", "model": "contenttype"}}, {"model": "contenttypes.contenttype", "pk": 5, "fields": {"app_label": "sessions", "model": "session"}}, {"model": "contenttypes.contenttype", "pk": 6, "fields": {"app_label": "apis", "model": "user"}}, {"model": "contenttypes.contenttype", "pk": 7, "fields": {"app_label": "apis", "model": "batch"}}, {"model": "contenttypes.contenttype", "pk": 8, "fields": {"app_label": "apis", "model": "userbatch"}}, {"model": "contenttypes.contenttype", "pk": 9, "fields": {"app_label": "apis", "model": "activity"}}, {"model": "contenttypes.contenttype", "pk": 10, "fields": {"app_label": "apis", "model": "useractivity"}}, {"model": "contenttypes.contenttype", "pk": 11, "fields": {"app_label": "apis", "model": "card"}}, {"model": "contenttypes.contenttype", "pk": 12, "fields": {"app_label": "apis", "model": "usercard"}}, {"model": "contenttypes.contenttype", "pk": 13, "fields": {"app_label": "apis", "model": "question"}}, {"model": "contenttypes.contenttype", "pk": 14, "fields": {"app_label": "apis", "model": "option"}}, {"model": "contenttypes.contenttype", "pk": 15, "fields": {"app_label": "apis", "model": "answer"}}, {"model": "contenttypes.contenttype", "pk": 16, "fields": {"app_label": "token_blacklist", "model": "outstandingtoken"}}, {"model": "contenttypes.contenttype", "pk": 17, "fields": {"app_label": "token_blacklist", "model": "blacklistedtoken"}}, {"model": "sessions.session", "pk": "csbx6emlgc1br9p5lkkghx2sep7519sp", "fields": {"session_data": ".eJxVjDsOwjAQBe_iGlne-E9Jzxksf3ZxANlSnFSIu0OkFNC-mXkvFuK21rANXMJc2JkBO_1uKeYHth2Ue2y3znNv6zInviv8oINfe8Hn5XD_Dmoc9VtPBMZrLAKjyFISEFlIaJTClJR0iiRYAjAOJu9AA3nnUVphtTSpKPb-AN0nNx4:1sLihi:AVXneC3dW2ia_Ukx2r8ie9rZ2H0-eqQ6DKKszSzuQtk", "expire_date": "2024-07-08T12:21:50.773Z"}}, {"model": "sessions.session", "pk": "q71lk27qz68tynawcs62ug7oada4gyow", "fields": {"session_data": ".eJxVjDsOwjAQBe_iGlne-E9Jzxksf3ZxANlSnFSIu0OkFNC-mXkvFuK21rANXMJc2JkBO_1uKeYHth2Ue2y3znNv6zInviv8oINfe8Hn5XD_Dmoc9VtPBMZrLAKjyFISEFlIaJTClJR0iiRYAjAOJu9AA3nnUVphtTSpKPb-AN0nNx4:1sJaL8:JU2IXBVKBcLucf7FqQ5dNfBqOByC6cO2e1NaqtPTBcA", "expire_date": "2024-07-02T15:01:42.311Z"}}, {"model": "apis.user", "pk": 1, "fields": {"password": "pbkdf2_sha256$720000$VFqAVyapPznmaSwGuqLQ16$+7yhPOiDdfhHESxNp2SjjBItQfz2UfXKRQHDndRe4Tc=", "last_login": "2024-06-24T12:21:50.770Z", "is_superuser": true, "email": "admin@proleap.com", "username": "admin", "name": "", "role": "USER", "gender": null, "phoneNumber": null, "is_active": true, "is_verified": false, "is_staff": true, "created_at": "2024-06-18T15:01:26.632Z", "updated_at": "2024-06-18T15:01:26.632Z", "groups": [], "user_permissions": []}}, {"model": "apis.user", "pk": 2, "fields": {"password": "string", "last_login": null, "is_superuser": false, "email": "org1@example.com", "username": "ORG1", "name": "ORG1", "role": "ORGANIZER", "gender": "string", "phoneNumber": 9223000, "is_active": true, "is_verified": true, "is_staff": true, "created_at": "2024-06-18T15:05:54.138Z", "updated_at": "2024-06-18T15:05:54.138Z", "groups": [], "user_permissions": []}}, {"model": "apis.user", "pk": 5, "fields": {"password": "string", "last_login": null, "is_superuser": false, "email": "22pw01@psgtech.ac.in", "username": "22pw01", "name": "Ajay", "role": "USER", "gender": "M", "phoneNumber": 6381050256, "is_active": true, "is_verified": false, "is_staff": false, "created_at": "2024-06-23T19:15:42.121Z", "updated_at": "2024-06-23T19:15:42.121Z", "groups": [], "user_permissions": []}}, {"model": "apis.user", "pk": 6, "fields": {"password": "string", "last_login": null, "is_superuser": false, "email": "22pw29@psgtech.ac.in", "username": "22pw29", "name": "Prem Dharshan", "role": "USER", "gender": "M", "phoneNumber": 9445766916, "is_active": true, "is_verified": false, "is_staff": false, "created_at": "2024-06-23T19:16:26.660Z", "updated_at": "2024-06-23T19:16:26.660Z", "groups": [], "user_permissions": []}}, {"model": "apis.user", "pk": 7, "fields": {"password": "string", "last_login": null, "is_superuser": false, "email": "22pt09@psgtech.ac.in", "username": "22pt09", "name": "Dinesh T V", "role": "USER", "gender": "M", "phoneNumber": 9842052589, "is_active": true, "is_verified": false, "is_staff": false, "created_at": "2024-06-23T19:17:25.582Z", "updated_at": "2024-06-23T19:17:25.582Z", "groups": [], "user_permissions": []}}, {"model": "apis.user", "pk": 8, "fields": {"password": "string", "last_login": null, "is_superuser": false, "email": "22pc19@psgtech.ac.in", "username": "22pc19", "name": "Mithun", "role": "USER", "gender": "M", "phoneNumber": 8124473187, "is_active": true, "is_verified": false, "is_staff": false, "created_at": "2024-06-23T19:19:10.468Z", "updated_at": "2024-06-23T19:19:10.468Z", "groups": [], "user_permissions": []}}, {"model": "apis.batch", "pk": 3, "fields": {"name": "22PW", "year": 2022, "start_time": "2024-06-23T19:19:38Z", "end_time": "2024-10-31T00:00:00Z", "total_activities": 0, "organizer": 2, "created_at": "2024-06-23T19:20:17.965Z", "updated_at": "2024-06-23T19:20:17.966Z", "is_active": true}}, {"model": "apis.batch", "pk": 4, "fields": {"name": "22PTC", "year": 2022, "start_time": "2024-06-23T19:20:30Z", "end_time": "2024-10-31T19:20:38Z", "total_activities": 0, "organizer": 2, "created_at": "2024-06-23T19:21:04.214Z", "updated_at": "2024-06-23T19:21:04.214Z", "is_active": true}}, {"model": "apis.userbatch", "pk": 1, "fields": {"user": null, "batch": null, "completed_activities": 0, "is_completed": false, "status": "NOT_ATTEMPTED", "created_at": "2024-06-20T12:20:49.848Z", "updated_at": "2024-06-20T12:20:49.848Z"}}, {"model": "apis.userbatch", "pk": 2, "fields": {"user": null, "batch": null, "completed_activities": 0, "is_completed": false, "status": "NOT_ATTEMPTED", "created_at": "2024-06-20T12:20:49.862Z", "updated_at": "2024-06-20T12:20:49.862Z"}}, {"model": "apis.userbatch", "pk": 3, "fields": {"user": 5, "batch": 3, "completed_activities": 0, "is_completed": false, "status": "NOT_ATTEMPTED", "created_at": "2024-06-23T19:20:17.968Z", "updated_at": "2024-06-23T19:20:17.968Z"}}, {"model": "apis.userbatch", "pk": 4, "fields": {"user": 6, "batch": 3, "completed_activities": 0, "is_completed": false, "status": "NOT_ATTEMPTED", "created_at": "2024-06-23T19:20:17.972Z", "updated_at": "2024-06-23T19:20:17.972Z"}}, {"model": "apis.userbatch", "pk": 5, "fields": {"user": 7, "batch": 4, "completed_activities": 0, "is_completed": false, "status": "NOT_ATTEMPTED", "created_at": "2024-06-23T19:21:04.216Z", "updated_at": "2024-06-23T19:21:04.216Z"}}, {"model": "apis.userbatch", "pk": 6, "fields": {"user": 8, "batch": 4, "completed_activities": 0, "is_completed": false, "status": "NOT_ATTEMPTED", "created_at": "2024-06-23T19:21:04.219Z", "updated_at": "2024-06-23T19:21:04.219Z"}}, {"model": "apis.activity", "pk": 4, "fields": {"name": "Introduction", "desc": "Information about the Student", "start_time": "2024-06-23T19:26:05Z", "end_time": "2024-07-31T19:26:12Z", "total_cards": 0, "total_polling_cards": 0, "created_at": "2024-06-23T19:26:28.210Z", "updated_at": "2024-06-23T19:26:28.210Z", "batch": 3, "sequence_no": 1}}, {"model": "apis.activity", "pk": 5, "fields": {"name": "Family Details", "desc": "Information about the student's family information", "start_time": "2024-06-23T19:27:37Z", "end_time": "2024-07-31T19:27:45Z", "total_cards": 0, "total_polling_cards": 0, "created_at": "2024-06-23T19:27:52.297Z", "updated_at": "2024-06-23T19:27:52.297Z", "batch": 4, "sequence_no": 1}}, {"model": "apis.useractivity", "pk": 1, "fields": {"activity": null, "user": 1, "completed_cards": 2, "status": "COMPLETED", "created_at": "2024-06-20T17:14:04.180Z", "updated_at": "2024-06-20T17:14:04.180Z"}}, {"model": "apis.useractivity", "pk": 2, "fields": {"activity": null, "user": 1, "completed_cards": 1, "status": "COMPLETED", "created_at": "2024-06-20T17:20:38.710Z", "updated_at": "2024-06-20T17:20:38.710Z"}}, {"model": "apis.card", "pk": 4, "fields": {"name": "Basic info", "desc": "Basic info", "type": "SURVEY_INPUT", "total_questions": 0, "to_be_shown": true, "start_time": "2024-06-23T19:38:23Z", "end_time": "2024-06-27T19:38:28Z", "duration": "00:01:00", "activity": 4, "sequence_no": 0, "created_at": "2024-06-23T19:38:37.636Z", "updated_at": "2024-06-23T19:38:37.636Z"}}, {"model": "apis.card", "pk": 5, "fields": {"name": "About Course", "desc": "About course", "type": "SURVEY_INPUT", "total_questions": 0, "to_be_shown": true, "start_time": "2024-06-23T19:39:01Z", "end_time": "2024-06-29T19:39:05Z", "duration": "00:01:00", "activity": 4, "sequence_no": 1, "created_at": "2024-06-23T19:39:29.625Z", "updated_at": "2024-06-23T19:39:29.625Z"}}, {"model": "apis.card", "pk": 6, "fields": {"name": "Family", "desc": "Family details", "type": "SURVEY_INPUT", "total_questions": 0, "to_be_shown": true, "start_time": "2024-06-23T19:39:53Z", "end_time": "2024-06-29T19:39:55Z", "duration": "00:01:00", "activity": 5, "sequence_no": 0, "created_at": "2024-06-23T19:40:04.873Z", "updated_at": "2024-06-23T19:40:04.873Z"}}, {"model": "apis.usercard", "pk": 1, "fields": {"card": null, "user": 1, "completed_questions": 2, "status": "COMPLETED", "created_at": "2024-06-20T17:14:04.159Z", "updated_at": "2024-06-20T17:14:04.159Z"}}, {"model": "apis.usercard", "pk": 2, "fields": {"card": null, "user": 1, "completed_questions": 1, "status": "COMPLETED", "created_at": "2024-06-20T17:14:30.417Z", "updated_at": "2024-06-20T17:14:30.417Z"}}, {"model": "apis.usercard", "pk": 3, "fields": {"card": null, "user": 1, "completed_questions": 1, "status": "COMPLETED", "created_at": "2024-06-20T17:20:38.690Z", "updated_at": "2024-06-20T17:20:38.690Z"}}, {"model": "apis.question", "pk": 5, "fields": {"text": "Name", "type": "SHORT_ANSWER", "desc": "Name", "is_required": true, "card": 4, "sequence_no": 1, "created_at": "2024-06-23T19:40:46.126Z", "updated_at": "2024-06-23T19:40:46.126Z"}}, {"model": "apis.question", "pk": 6, "fields": {"text": "Course", "type": "RADIO", "desc": "Course", "is_required": true, "card": 4, "sequence_no": 2, "created_at": "2024-06-23T19:42:08.887Z", "updated_at": "2024-06-23T19:42:08.887Z"}}, {"model": "apis.question", "pk": 7, "fields": {"text": "Email Id (gmail or personal email id)", "type": "EMAIL", "desc": "mail id", "is_required": true, "card": 4, "sequence_no": 4, "created_at": "2024-06-23T19:42:57.491Z", "updated_at": "2024-06-23T19:42:57.492Z"}}, {"model": "apis.question", "pk": 8, "fields": {"text": "Date of Birth", "type": "DATE", "desc": "dob", "is_required": true, "card": 4, "sequence_no": 5, "created_at": "2024-06-23T19:43:22.987Z", "updated_at": "2024-06-23T19:43:22.987Z"}}, {"model": "apis.question", "pk": 9, "fields": {"text": "Residency Status", "type": "RADIO", "desc": "Residency Status", "is_required": true, "card": 4, "sequence_no": 6, "created_at": "2024-06-23T19:44:41.320Z", "updated_at": "2024-06-23T19:44:41.320Z"}}, {"model": "apis.question", "pk": 10, "fields": {"text": "How did you find out about 5 year M.Sc. program?", "type": "RADIO", "desc": "discovery", "is_required": true, "card": 5, "sequence_no": 1, "created_at": "2024-06-23T19:45:59.970Z", "updated_at": "2024-06-23T19:45:59.970Z"}}, {"model": "apis.question", "pk": 11, "fields": {"text": "IIT JEE", "type": "RADIO", "desc": "IIT JEE", "is_required": true, "card": 5, "sequence_no": 2, "created_at": "2024-06-23T19:47:34.272Z", "updated_at": "2024-06-23T19:47:34.272Z"}}, {"model": "apis.question", "pk": 12, "fields": {"text": "4 year engineering degree", "type": "RADIO", "desc": "4 year engineering degree", "is_required": true, "card": 5, "sequence_no": 3, "created_at": "2024-06-23T19:48:37.355Z", "updated_at": "2024-06-23T19:48:37.355Z"}}, {"model": "apis.question", "pk": 13, "fields": {"text": "If you did not get this admission what was your next choice?", "type": "SHORT_ANSWER", "desc": "next choice", "is_required": true, "card": 5, "sequence_no": 4, "created_at": "2024-06-23T19:49:04.392Z", "updated_at": "2024-06-23T19:49:04.392Z"}}, {"model": "apis.question", "pk": 14, "fields": {"text": "Education Funding", "type": "RADIO", "desc": "Education Funding", "is_required": true, "card": 5, "sequence_no": 5, "created_at": "2024-06-23T19:50:03.836Z", "updated_at": "2024-06-23T19:50:03.836Z"}}, {"model": "apis.question", "pk": 15, "fields": {"text": "School You Studied (Name)", "type": "SHORT_ANSWER", "desc": "School (Name)", "is_required": true, "card": 5, "sequence_no": 6, "created_at": "2024-06-23T19:50:31.912Z", "updated_at": "2024-06-23T19:50:31.912Z"}}, {"model": "apis.question", "pk": 16, "fields": {"text": "School You Studied ( City)", "type": "SHORT_ANSWER", "desc": "School ( City)", "is_required": true, "card": 5, "sequence_no": 7, "created_at": "2024-06-23T19:51:06.792Z", "updated_at": "2024-06-23T19:51:06.792Z"}}, {"model": "apis.question", "pk": 17, "fields": {"text": "School You Studied (Board)", "type": "RADIO", "desc": "School You Studied (Board)", "is_required": true, "card": 5, "sequence_no": 8, "created_at": "2024-06-23T19:52:14.751Z", "updated_at": "2024-06-23T19:52:14.751Z"}}, {"model": "apis.question", "pk": 18, "fields": {"text": "Are you thinking of higher education?", "type": "RADIO", "desc": "higher education", "is_required": true, "card": 5, "sequence_no": 9, "created_at": "2024-06-23T19:55:39.426Z", "updated_at": "2024-06-23T19:55:39.426Z"}}, {"model": "apis.question", "pk": 19, "fields": {"text": "Father's Highest Education", "type": "RADIO", "desc": "Father's Highest Education", "is_required": true, "card": 6, "sequence_no": 1, "created_at": "2024-06-23T19:56:46.179Z", "updated_at": "2024-06-23T19:59:25.193Z"}}, {"model": "apis.question", "pk": 20, "fields": {"text": "Father's Profession", "type": "SHORT_ANSWER", "desc": "Father's Profession", "is_required": true, "card": 6, "sequence_no": 2, "created_at": "2024-06-23T19:57:11.939Z", "updated_at": "2024-06-23T19:57:11.939Z"}}, {"model": "apis.question", "pk": 21, "fields": {"text": "Mother's Highest Education", "type": "RADIO", "desc": "Mother's Highest Education", "is_required": true, "card": 6, "sequence_no": 3, "created_at": "2024-06-23T19:58:14.747Z", "updated_at": "2024-06-23T19:58:14.747Z"}}, {"model": "apis.question", "pk": 22, "fields": {"text": "Mother's Profession", "type": "SHORT_ANSWER", "desc": "Mother's Profession", "is_required": true, "card": 6, "sequence_no": 4, "created_at": "2024-06-23T19:58:41.993Z", "updated_at": "2024-06-23T19:58:41.993Z"}}, {"model": "apis.question", "pk": 23, "fields": {"text": "Siblings", "type": "RADIO", "desc": "Siblings", "is_required": true, "card": 6, "sequence_no": 5, "created_at": "2024-06-23T19:59:09.680Z", "updated_at": "2024-06-23T19:59:09.680Z"}}, {"model": "apis.option", "pk": 6, "fields": {"value": "Cyber Security", "sequence_no": 1, "question": 6, "created_at": "2024-06-23T19:42:08.890Z", "updated_at": "2024-06-23T19:42:08.890Z"}}, {"model": "apis.option", "pk": 7, "fields": {"value": "Theoretical Computer Science", "sequence_no": 2, "question": 6, "created_at": "2024-06-23T19:42:08.895Z", "updated_at": "2024-06-23T19:42:08.895Z"}}, {"model": "apis.option", "pk": 8, "fields": {"value": "Data Science", "sequence_no": 3, "question": 6, "created_at": "2024-06-23T19:42:08.898Z", "updated_at": "2024-06-23T19:42:08.898Z"}}, {"model": "apis.option", "pk": 9, "fields": {"value": "Software Systems", "sequence_no": 4, "question": 6, "created_at": "2024-06-23T19:42:08.900Z", "updated_at": "2024-06-23T19:42:08.900Z"}}, {"model": "apis.option", "pk": 10, "fields": {"value": "Day Scholar", "sequence_no": 1, "question": 9, "created_at": "2024-06-23T19:44:41.322Z", "updated_at": "2024-06-23T19:44:41.322Z"}}, {"model": "apis.option", "pk": 11, "fields": {"value": "Hostel", "sequence_no": 2, "question": 9, "created_at": "2024-06-23T19:44:41.324Z", "updated_at": "2024-06-23T19:44:41.324Z"}}, {"model": "apis.option", "pk": 12, "fields": {"value": "Renting outside", "sequence_no": 3, "question": 9, "created_at": "2024-06-23T19:44:41.325Z", "updated_at": "2024-06-23T19:44:41.325Z"}}, {"model": "apis.option", "pk": 13, "fields": {"value": "School Senior studying / completed", "sequence_no": 1, "question": 10, "created_at": "2024-06-23T19:45:59.972Z", "updated_at": "2024-06-23T19:45:59.972Z"}}, {"model": "apis.option", "pk": 14, "fields": {"value": "Parents suggested", "sequence_no": 2, "question": 10, "created_at": "2024-06-23T19:45:59.974Z", "updated_at": "2024-06-23T19:45:59.974Z"}}, {"model": "apis.option", "pk": 15, "fields": {"value": "Sibling studying / completed", "sequence_no": 3, "question": 10, "created_at": "2024-06-23T19:45:59.976Z", "updated_at": "2024-06-23T19:45:59.976Z"}}, {"model": "apis.option", "pk": 16, "fields": {"value": "Relative / Family Friend studying / completed", "sequence_no": 4, "question": 10, "created_at": "2024-06-23T19:45:59.977Z", "updated_at": "2024-06-23T19:45:59.977Z"}}, {"model": "apis.option", "pk": 17, "fields": {"value": "Advertisement", "sequence_no": 5, "question": 10, "created_at": "2024-06-23T19:45:59.978Z", "updated_at": "2024-06-23T19:45:59.978Z"}}, {"model": "apis.option", "pk": 18, "fields": {"value": "Did not get my preferred course", "sequence_no": 1, "question": 11, "created_at": "2024-06-23T19:47:34.274Z", "updated_at": "2024-06-23T19:47:34.274Z"}}, {"model": "apis.option", "pk": 19, "fields": {"value": "Did not try", "sequence_no": 2, "question": 11, "created_at": "2024-06-23T19:47:34.275Z", "updated_at": "2024-06-23T19:47:34.275Z"}}, {"model": "apis.option", "pk": 20, "fields": {"value": "Did not qualify", "sequence_no": 3, "question": 11, "created_at": "2024-06-23T19:47:34.276Z", "updated_at": "2024-06-23T19:47:34.276Z"}}, {"model": "apis.option", "pk": 21, "fields": {"value": "Qualified mains, didn't qualify advanced", "sequence_no": 4, "question": 11, "created_at": "2024-06-23T19:47:34.278Z", "updated_at": "2024-06-23T19:47:34.278Z"}}, {"model": "apis.option", "pk": 22, "fields": {"value": "Did not get my preferred course", "sequence_no": 1, "question": 12, "created_at": "2024-06-23T19:48:37.358Z", "updated_at": "2024-06-23T19:48:37.358Z"}}, {"model": "apis.option", "pk": 23, "fields": {"value": "Did not try", "sequence_no": 2, "question": 12, "created_at": "2024-06-23T19:48:37.359Z", "updated_at": "2024-06-23T19:48:37.359Z"}}, {"model": "apis.option", "pk": 24, "fields": {"value": "Did not qualify", "sequence_no": 3, "question": 12, "created_at": "2024-06-23T19:48:37.361Z", "updated_at": "2024-06-23T19:48:37.361Z"}}, {"model": "apis.option", "pk": 25, "fields": {"value": "Got M.Sc first", "sequence_no": 4, "question": 12, "created_at": "2024-06-23T19:48:37.362Z", "updated_at": "2024-06-23T19:48:37.362Z"}}, {"model": "apis.option", "pk": 26, "fields": {"value": "Bank Loan", "sequence_no": 1, "question": 14, "created_at": "2024-06-23T19:50:03.839Z", "updated_at": "2024-06-23T19:50:03.839Z"}}, {"model": "apis.option", "pk": 27, "fields": {"value": "Family is paying", "sequence_no": 2, "question": 14, "created_at": "2024-06-23T19:50:03.842Z", "updated_at": "2024-06-23T19:50:03.842Z"}}, {"model": "apis.option", "pk": 28, "fields": {"value": "Getting Financial Assitance", "sequence_no": 3, "question": 14, "created_at": "2024-06-23T19:50:03.843Z", "updated_at": "2024-06-23T19:50:03.843Z"}}, {"model": "apis.option", "pk": 29, "fields": {"value": "Scholarship", "sequence_no": 4, "question": 14, "created_at": "2024-06-23T19:50:03.845Z", "updated_at": "2024-06-23T19:50:03.845Z"}}, {"model": "apis.option", "pk": 30, "fields": {"value": "TN", "sequence_no": 1, "question": 17, "created_at": "2024-06-23T19:52:14.754Z", "updated_at": "2024-06-23T19:52:14.754Z"}}, {"model": "apis.option", "pk": 31, "fields": {"value": "CBSE", "sequence_no": 2, "question": 17, "created_at": "2024-06-23T19:52:14.756Z", "updated_at": "2024-06-23T19:52:14.756Z"}}, {"model": "apis.option", "pk": 32, "fields": {"value": "ICSE", "sequence_no": 3, "question": 17, "created_at": "2024-06-23T19:52:14.758Z", "updated_at": "2024-06-23T19:52:14.758Z"}}, {"model": "apis.option", "pk": 33, "fields": {"value": "Definite No", "sequence_no": 1, "question": 18, "created_at": "2024-06-23T19:55:39.428Z", "updated_at": "2024-06-23T19:55:39.428Z"}}, {"model": "apis.option", "pk": 34, "fields": {"value": "No - cannot afford", "sequence_no": 2, "question": 18, "created_at": "2024-06-23T19:55:39.431Z", "updated_at": "2024-06-23T19:55:39.431Z"}}, {"model": "apis.option", "pk": 35, "fields": {"value": "I am not sure", "sequence_no": 3, "question": 18, "created_at": "2024-06-23T19:55:39.433Z", "updated_at": "2024-06-23T19:55:39.433Z"}}, {"model": "apis.option", "pk": 36, "fields": {"value": "Parents are interested", "sequence_no": 4, "question": 18, "created_at": "2024-06-23T19:55:39.435Z", "updated_at": "2024-06-23T19:55:39.435Z"}}, {"model": "apis.option", "pk": 37, "fields": {"value": "Possibility", "sequence_no": 5, "question": 18, "created_at": "2024-06-23T19:55:39.437Z", "updated_at": "2024-06-23T19:55:39.437Z"}}, {"model": "apis.option", "pk": 38, "fields": {"value": "Post Graduate", "sequence_no": 1, "question": 19, "created_at": "2024-06-23T19:56:46.181Z", "updated_at": "2024-06-23T19:56:46.181Z"}}, {"model": "apis.option", "pk": 39, "fields": {"value": "Doctorate", "sequence_no": 2, "question": 19, "created_at": "2024-06-23T19:56:46.184Z", "updated_at": "2024-06-23T19:56:46.184Z"}}, {"model": "apis.option", "pk": 40, "fields": {"value": "Graduate", "sequence_no": 3, "question": 19, "created_at": "2024-06-23T19:56:46.185Z", "updated_at": "2024-06-23T19:56:46.185Z"}}, {"model": "apis.option", "pk": 41, "fields": {"value": "School level", "sequence_no": 4, "question": 19, "created_at": "2024-06-23T19:56:46.187Z", "updated_at": "2024-06-23T19:56:46.187Z"}}, {"model": "apis.option", "pk": 42, "fields": {"value": "Post Graduate", "sequence_no": 1, "question": 21, "created_at": "2024-06-23T19:58:14.750Z", "updated_at": "2024-06-23T19:58:14.750Z"}}, {"model": "apis.option", "pk": 43, "fields": {"value": "Doctorate", "sequence_no": 2, "question": 21, "created_at": "2024-06-23T19:58:14.753Z", "updated_at": "2024-06-23T19:58:14.753Z"}}, {"model": "apis.option", "pk": 44, "fields": {"value": "Graduate", "sequence_no": 3, "question": 21, "created_at": "2024-06-23T19:58:14.755Z", "updated_at": "2024-06-23T19:58:14.755Z"}}, {"model": "apis.option", "pk": 45, "fields": {"value": "School level", "sequence_no": 4, "question": 21, "created_at": "2024-06-23T19:58:14.757Z", "updated_at": "2024-06-23T19:58:14.757Z"}}, {"model": "apis.option", "pk": 46, "fields": {"value": "Diploma", "sequence_no": 5, "question": 21, "created_at": "2024-06-23T19:58:14.758Z", "updated_at": "2024-06-23T19:58:14.758Z"}}, {"model": "apis.option", "pk": 47, "fields": {"value": "Yes", "sequence_no": 1, "question": 23, "created_at": "2024-06-23T19:59:09.684Z", "updated_at": "2024-06-23T19:59:09.684Z"}}, {"model": "apis.option", "pk": 48, "fields": {"value": "No", "sequence_no": 2, "question": 23, "created_at": "2024-06-23T19:59:09.687Z", "updated_at": "2024-06-23T19:59:09.687Z"}}, {"model": "apis.option", "pk": 49, "fields": {"value": "Diploma", "sequence_no": 5, "question": 19, "created_at": "2024-06-23T19:59:25.196Z", "updated_at": "2024-06-23T19:59:25.196Z"}}, {"model": "apis.answer", "pk": 1, "fields": {"answer": "string", "user": 1, "question": null, "option": null, "created_at": "2024-06-20T17:14:04.123Z", "updated_at": "2024-06-20T17:14:04.124Z"}}, {"model": "apis.answer", "pk": 2, "fields": {"answer": "string", "user": 1, "question": null, "option": null, "created_at": "2024-06-20T17:14:30.394Z", "updated_at": "2024-06-20T17:14:30.394Z"}}, {"model": "apis.answer", "pk": 3, "fields": {"answer": null, "user": 1, "question": null, "option": null, "created_at": "2024-06-20T17:18:03.834Z", "updated_at": "2024-06-20T17:18:03.834Z"}}, {"model": "apis.answer", "pk": 4, "fields": {"answer": null, "user": 1, "question": null, "option": null, "created_at": "2024-06-20T17:18:12.554Z", "updated_at": "2024-06-20T17:18:12.554Z"}}, {"model": "apis.answer", "pk": 5, "fields": {"answer": null, "user": 1, "question": null, "option": null, "created_at": "2024-06-20T17:20:38.665Z", "updated_at": "2024-06-20T17:20:38.665Z"}}, {"model": "token_blacklist.outstandingtoken", "pk": 1, "fields": {"user": 2, "jti": "1e6863b12591464891ae0d983c23e570", "token": "eyJhbGciOiJIUzI1NiIsInR5cCI6IkpXVCJ9.eyJ0b2tlbl90eXBlIjoicmVmcmVzaCIsImV4cCI6MTcxODgwOTU1NCwiaWF0IjoxNzE4NzIzMTU0LCJqdGkiOiIxZTY4NjNiMTI1OTE0NjQ4OTFhZTBkOTgzYzIzZTU3MCIsInVzZXJfaWQiOjJ9.qQYctevAo-ga9pJ3EGwwkRhzfIsmIcWoOSXrzLjg6-Y", "created_at": "2024-06-18T15:05:54.143Z", "expires_at": "2024-06-19T15:05:54Z"}}, {"model": "token_blacklist.outstandingtoken", "pk": 2, "fields": {"user": null, "jti": "85670ab298494492bd01376e6d7c3139", "token": "eyJhbGciOiJIUzI1NiIsInR5cCI6IkpXVCJ9.eyJ0b2tlbl90eXBlIjoicmVmcmVzaCIsImV4cCI6MTcxODgwOTYxMywiaWF0IjoxNzE4NzIzMjEzLCJqdGkiOiI4NTY3MGFiMjk4NDk0NDkyYmQwMTM3NmU2ZDdjMzEzOSIsInVzZXJfaWQiOjN9.4Dwv2CdzeRYhd2Vk32yx62ts8W0sCcyFWxim9F-rr4g", "created_at": "2024-06-18T15:06:53.468Z", "expires_at": "2024-06-19T15:06:53Z"}}, {"model": "token_blacklist.outstandingtoken", "pk": 3, "fields": {"user": null, "jti": "391c125c75b7460a93ae7fdabe91eff3", "token": "eyJhbGciOiJIUzI1NiIsInR5cCI6IkpXVCJ9.eyJ0b2tlbl90eXBlIjoicmVmcmVzaCIsImV4cCI6MTcxODgwOTY5MCwiaWF0IjoxNzE4NzIzMjkwLCJqdGkiOiIzOTFjMTI1Yzc1Yjc0NjBhOTNhZTdmZGFiZTkxZWZmMyIsInVzZXJfaWQiOjR9.Z-msDQu3kOGkL9N_hXJcSmjLvC8Dor8l-gkMqvOGWuQ", "created_at": "2024-06-18T15:08:10.600Z", "expires_at": "2024-06-19T15:08:10Z"}}, {"model": "token_blacklist.outstandingtoken", "pk": 4, "fields": {"user": null, "jti": "0aaf750638634ae9808d29a6ae7d7c1b", "token": "eyJhbGciOiJIUzI1NiIsInR5cCI6IkpXVCJ9.eyJ0b2tlbl90eXBlIjoicmVmcmVzaCIsImV4cCI6MTcxODgwOTcwMywiaWF0IjoxNzE4NzIzMzAzLCJqdGkiOiIwYWFmNzUwNjM4NjM0YWU5ODA4ZDI5YTZhZTdkN2MxYiIsInVzZXJfaWQiOjV9.IgX4RVE2O4WY2xpvX8z3PXrXtLRDGgZLab9TBuUb2ow", "created_at": "2024-06-18T15:08:23.584Z", "expires_at": "2024-06-19T15:08:23Z"}}, {"model": "token_blacklist.outstandingtoken", "pk": 5, "fields": {"user": null, "jti": "964fe2801e9340b1905d4b1968cc4b62", "token": "eyJhbGciOiJIUzI1NiIsInR5cCI6IkpXVCJ9.eyJ0b2tlbl90eXBlIjoicmVmcmVzaCIsImV4cCI6MTcxOTIzODEyMSwiaWF0IjoxNzE5MTUxNzIxLCJqdGkiOiI5NjRmZTI4MDFlOTM0MGIxOTA1ZDRiMTk2OGNjNGI2MiIsInVzZXJfaWQiOjN9.ZBSnQhTMHOZE9raGuheGFFEzmWPhU1VPYXRWmhbW2ck", "created_at": "2024-06-23T14:08:41.585Z", "expires_at": "2024-06-24T14:08:41Z"}}, {"model": "token_blacklist.outstandingtoken", "pk": 6, "fields": {"user": null, "jti": "e2678b94f471473ebe2448de72a41fae", "token": "eyJhbGciOiJIUzI1NiIsInR5cCI6IkpXVCJ9.eyJ0b2tlbl90eXBlIjoicmVmcmVzaCIsImV4cCI6MTcxOTIzODczNywiaWF0IjoxNzE5MTUyMzM3LCJqdGkiOiJlMjY3OGI5NGY0NzE0NzNlYmUyNDQ4ZGU3MmE0MWZhZSIsInVzZXJfaWQiOjN9.MrLsaXpcNoTnVzqeTumJkJJw6o_uxi_vProIaVUl2yY", "created_at": "2024-06-23T14:18:57.411Z", "expires_at": "2024-06-24T14:18:57Z"}}, {"model": "token_blacklist.outstandingtoken", "pk": 7, "fields": {"user": null, "jti": "d7bd8d47de3a4169bca12e63cd8bf2dd", "token": "eyJhbGciOiJIUzI1NiIsInR5cCI6IkpXVCJ9.eyJ0b2tlbl90eXBlIjoicmVmcmVzaCIsImV4cCI6MTcxOTIzODg4NCwiaWF0IjoxNzE5MTUyNDg0LCJqdGkiOiJkN2JkOGQ0N2RlM2E0MTY5YmNhMTJlNjNjZDhiZjJkZCIsInVzZXJfaWQiOjN9.5Yd1VICVdVLK28zkPdlcPxbBSK_scJ1Pe-xob7hS1ZU", "created_at": "2024-06-23T14:21:24.059Z", "expires_at": "2024-06-24T14:21:24Z"}}, {"model": "token_blacklist.outstandingtoken", "pk": 8, "fields": {"user": null, "jti": "8ff814abb1fd4935bb4e7ef20ec83081", "token": "eyJhbGciOiJIUzI1NiIsInR5cCI6IkpXVCJ9.eyJ0b2tlbl90eXBlIjoicmVmcmVzaCIsImV4cCI6MTcxOTIzOTE0MiwiaWF0IjoxNzE5MTUyNzQyLCJqdGkiOiI4ZmY4MTRhYmIxZmQ0OTM1YmI0ZTdlZjIwZWM4MzA4MSIsInVzZXJfaWQiOjR9.eut3w4iRqFZMNkB_3FQ3NgPDkYJ3NRHdVWdh-LJa0_8", "created_at": "2024-06-23T14:25:42.610Z", "expires_at": "2024-06-24T14:25:42Z"}}]